price,area,bedrooms,bathrooms,stories,mainroad,guestroom,basement,hotwaterheating,airconditioning,parking,prefarea,furnishingstatus_semi-furnished,furnishingstatus_unfurnished
2.5679896907872353,1.1565832741089548,1.5060925715908347,1.436584898136151,1.5860749405900276,1,0,0,0,1,1.5796404077184507,1,False,False
2.5679896907872353,1.9250604134101483,1.5060925715908347,4.451753458409073,2.22971667001785,1,0,0,0,1,2.179155743516888,0,False,False
2.5679896907872353,2.424071542826508,0.07109178222544127,1.436584898136151,0.2987914817343836,1,0,1,0,0,1.5796404077184507,1,True,False
2.5679896907872353,1.1965041644622636,1.5060925715908347,1.436584898136151,0.2987914817343836,1,0,1,0,1,2.179155743516888,1,False,False
2.5679896907872353,1.1565832741089548,1.5060925715908347,-0.5735274753791311,0.2987914817343836,1,1,1,0,1,1.5796404077184507,0,False,False
2.5679896907872353,1.1965041644622636,0.07109178222544127,3.4466972716514332,-0.9884919771212606,1,0,1,0,1,1.5796404077184507,1,True,False
2.5679896907872353,1.7354361842319317,1.5060925715908347,3.4466972716514332,2.22971667001785,1,0,0,0,1,1.5796404077184507,1,True,False
2.5679896907872353,2.6935375527113417,2.2235929662735314,3.4466972716514332,0.2987914817343836,1,0,0,0,0,-0.8184209354752977,0,False,True
2.5679896907872353,1.4959108421120793,1.5060925715908347,-0.5735274753791311,0.2987914817343836,1,1,1,0,1,1.5796404077184507,1,False,False
2.5679896907872353,0.3232346879836346,0.07109178222544127,1.436584898136151,2.22971667001785,1,1,0,0,1,0.38060973612157656,1,False,True
2.5679896907872353,2.6935375527113417,0.07109178222544127,-0.5735274753791311,0.2987914817343836,1,0,1,0,1,1.5796404077184507,1,False,False
2.5679896907872353,0.44798747033772446,1.5060925715908347,3.4466972716514332,0.2987914817343836,1,1,1,1,0,1.5796404077184507,0,True,False
2.5679896907872353,0.7224435915167221,1.5060925715908347,1.436584898136151,0.2987914817343836,1,0,0,0,1,0.38060973612157656,1,True,False
2.5679896907872353,-0.7995403532031741,1.5060925715908347,1.436584898136151,0.2987914817343836,1,0,0,1,0,1.5796404077184507,0,False,False
2.5679896907872353,1.3462075032871714,0.07109178222544127,1.436584898136151,0.2987914817343836,1,0,0,0,0,-0.8184209354752977,1,True,False
2.50777033383474,0.44798747033772446,1.5060925715908347,-0.5735274753791311,0.2987914817343836,1,0,1,0,0,1.5796404077184507,0,True,False
2.50777033383474,0.7473941479875401,1.5060925715908347,1.436584898136151,0.2987914817343836,1,1,1,0,1,0.38060973612157656,1,False,True
2.4274778578980802,1.6955152938786229,0.07109178222544127,1.436584898136151,2.22971667001785,1,0,0,0,1,1.5796404077184507,0,False,False
2.3873316199297503,-0.2506281108451787,0.07109178222544127,1.436584898136151,0.2987914817343836,1,1,0,0,1,1.5796404077184507,0,False,False
2.3672585009455855,0.6575721446925954,0.07109178222544127,1.436584898136151,0.2987914817343836,1,0,0,0,1,0.38060973612157656,1,True,False
2.3070391439930904,-0.39035122708175934,0.07109178222544127,-0.5735274753791311,0.2987914817343836,1,0,1,1,0,1.5796404077184507,0,True,False
2.2668929060247605,1.0243453248136196,0.07109178222544127,1.436584898136151,-0.9884919771212606,1,1,1,0,1,1.5796404077184507,0,False,True
2.2468197870405953,1.4709602856412611,0.07109178222544127,-0.5735274753791311,-0.9884919771212606,1,1,1,0,1,0.38060973612157656,0,False,False
2.2468197870405953,-0.27058855602183307,0.07109178222544127,1.436584898136151,0.2987914817343836,1,1,1,0,1,0.38060973612157656,0,False,False
2.2066735490722653,1.8452186327035307,0.07109178222544127,1.436584898136151,0.2987914817343836,1,0,0,0,1,1.5796404077184507,0,False,False
2.1866004300881,0.7174534802225585,1.5060925715908347,1.436584898136151,0.2987914817343836,1,1,1,0,1,1.5796404077184507,1,False,False
2.142439568322937,0.44798747033772446,0.07109178222544127,1.436584898136151,2.22971667001785,1,1,1,0,1,-0.8184209354752977,1,True,False
2.1063079541514402,1.8826444674097578,0.07109178222544127,-0.5735274753791311,-0.9884919771212606,1,0,0,0,0,0.38060973612157656,0,True,False
2.1063079541514402,1.4210591726996253,2.2235929662735314,1.436584898136151,0.2987914817343836,1,0,1,1,0,1.5796404077184507,0,False,True
2.1063079541514402,0.19848190562954476,1.5060925715908347,1.436584898136151,0.2987914817343836,1,0,1,0,1,0.38060973612157656,1,True,False
2.1063079541514402,1.1840288862268546,0.07109178222544127,1.436584898136151,2.22971667001785,1,0,0,0,1,1.5796404077184507,0,False,True
2.1063079541514402,0.9469985997540838,0.07109178222544127,-0.5735274753791311,2.22971667001785,1,0,0,0,1,1.5796404077184507,0,True,False
2.0460885971989455,-0.11090499460859807,1.5060925715908347,1.436584898136151,0.2987914817343836,1,0,0,0,1,0.38060973612157656,1,False,False
1.9858692402464504,0.42802702516107005,0.07109178222544127,3.4466972716514332,0.2987914817343836,1,1,1,0,0,0.38060973612157656,0,False,True
1.9457230022781205,0.8671568190474663,2.2235929662735314,-0.5735274753791311,0.2987914817343836,1,1,1,0,1,0.38060973612157656,0,False,False
1.9233214014917923,0.9469985997540838,0.07109178222544127,1.436584898136151,2.22971667001785,1,0,0,0,1,1.5796404077184507,0,False,False
1.9015621405129572,1.187521964132769,0.07109178222544127,1.436584898136151,1.5860749405900276,1,0,0,1,0,0.38060973612157656,1,False,False
1.8654305263414603,1.9450208585868025,1.5060925715908347,1.436584898136151,2.22971667001785,1,0,0,0,1,1.5796404077184507,0,False,False
1.8553939668493777,0.44798747033772446,0.07109178222544127,-0.5735274753791311,2.22971667001785,1,1,0,0,1,1.5796404077184507,0,False,True
1.8252842883731304,0.44798747033772446,1.5060925715908347,1.436584898136151,2.22971667001785,1,0,0,0,1,0.38060973612157656,0,True,False
1.8052111693889654,0.7224435915167221,0.07109178222544127,-0.5735274753791311,0.2987914817343836,1,0,1,0,1,-0.8184209354752977,1,False,False
1.7851380504048004,0.6276314769276138,0.07109178222544127,1.436584898136151,2.22971667001785,1,0,0,0,1,-0.8184209354752977,1,False,False
1.7048455744681403,0.687512812457577,0.07109178222544127,1.436584898136151,2.22971667001785,1,0,0,0,1,1.5796404077184507,0,False,True
1.7048455744681403,0.44798747033772446,1.5060925715908347,1.436584898136151,2.22971667001785,1,0,0,0,0,1.5796404077184507,0,True,False
1.6245530985314804,0.44798747033772446,1.5060925715908347,1.436584898136151,2.22971667001785,1,0,0,0,1,0.38060973612157656,0,False,False
1.6245530985314804,0.44798747033772446,0.07109178222544127,1.436584898136151,1.5860749405900276,1,0,0,0,1,-0.8184209354752977,0,True,False
1.6044799795473152,0.44798747033772446,0.07109178222544127,1.436584898136151,2.22971667001785,1,0,0,0,1,0.38060973612157656,0,False,False
1.5844068605631503,0.7473941479875401,0.07109178222544127,-0.5735274753791311,2.22971667001785,1,0,0,0,1,2.179155743516888,1,False,False
1.5643337415789853,-0.4003314496700865,0.07109178222544127,1.436584898136151,0.2987914817343836,1,0,1,0,0,0.38060973612157656,0,False,True
1.5442606225948203,1.166563496697282,0.07109178222544127,1.436584898136151,-0.9884919771212606,1,1,1,0,1,-0.8184209354752977,1,True,False
1.5442606225948203,1.166563496697282,0.07109178222544127,1.436584898136151,2.22971667001785,1,0,0,0,0,0.38060973612157656,1,False,True
1.5442606225948203,0.6101660873980412,0.07109178222544127,-0.5735274753791311,2.22971667001785,1,0,0,0,1,0.38060973612157656,0,False,True
1.5041143846264904,0.44798747033772446,1.5060925715908347,1.436584898136151,2.22971667001785,1,1,0,0,1,0.38060973612157656,0,False,False
1.5041143846264904,0.023828010333818962,0.07109178222544127,1.436584898136151,2.22971667001785,1,0,0,0,1,1.5796404077184507,0,True,False
1.5041143846264904,0.44798747033772446,0.07109178222544127,1.436584898136151,0.2987914817343836,1,1,0,0,1,0.38060973612157656,0,True,False
1.5041143846264904,0.44798747033772446,0.07109178222544127,-0.5735274753791311,0.2987914817343836,1,0,0,0,1,0.38060973612157656,0,False,True
1.5000997608296573,2.6935375527113417,1.5060925715908347,-0.5735274753791311,0.2987914817343836,1,0,1,0,0,0.38060973612157656,1,True,False
1.4438950276739955,1.9450208585868025,1.5060925715908347,1.436584898136151,2.22971667001785,1,1,0,0,1,0.38060973612157656,1,False,False
1.4238219086898303,1.2863261677572082,1.5060925715908347,1.436584898136151,2.22971667001785,1,1,0,0,1,0.38060973612157656,0,True,False
1.4238219086898303,0.44798747033772446,0.07109178222544127,1.436584898136151,2.22971667001785,1,1,0,0,1,0.38060973612157656,0,False,False
1.3836756707215003,0.44798747033772446,0.07109178222544127,1.436584898136151,0.2987914817343836,1,1,0,0,0,0.38060973612157656,0,True,False
1.3435294327531704,1.8851395230568395,-1.363909007139952,-0.5735274753791311,-0.9884919771212606,1,0,0,0,1,0.38060973612157656,0,True,False
1.3435294327531704,0.5677501413976507,1.5060925715908347,1.436584898136151,0.2987914817343836,1,0,0,0,1,0.38060973612157656,0,False,False
1.3234563137690054,0.6276314769276138,1.5060925715908347,1.436584898136151,1.5860749405900276,1,0,0,0,1,1.5796404077184507,1,False,False
1.3033831947848404,2.6935375527113417,0.07109178222544127,-0.5735274753791311,-0.9884919771212606,1,0,1,0,1,0.38060973612157656,1,False,False
1.2632369568165103,1.8851395230568395,0.07109178222544127,1.436584898136151,0.2987914817343836,1,0,1,0,1,0.38060973612157656,0,False,False
1.2632369568165103,2.6935375527113417,-1.363909007139952,-0.5735274753791311,-0.9884919771212606,1,0,1,1,0,0.38060973612157656,0,False,False
1.2431638378323453,1.2963063903455354,0.07109178222544127,1.436584898136151,-0.9884919771212606,1,0,0,0,0,1.5796404077184507,0,False,True
1.2230907188481803,0.44798747033772446,0.07109178222544127,-0.5735274753791311,-0.9884919771212606,1,0,0,0,1,0.38060973612157656,0,False,False
1.1829444808798504,2.6935375527113417,1.5060925715908347,1.436584898136151,0.2987914817343836,1,0,0,0,0,1.5796404077184507,1,False,False
1.1829444808798504,-0.5500347884949943,0.07109178222544127,1.436584898136151,0.2987914817343836,1,0,1,0,1,-0.8184209354752977,1,True,False
1.1628713618956854,0.44798747033772446,1.5060925715908347,1.436584898136151,2.22971667001785,1,0,0,0,1,-0.8184209354752977,0,False,True
1.1427982429115204,-0.041043436490307755,0.07109178222544127,-0.5735274753791311,2.22971667001785,1,0,0,0,1,-0.8184209354752977,1,False,True
1.1227251239273555,0.7473941479875401,-1.363909007139952,1.436584898136151,2.22971667001785,1,0,1,0,0,-0.8184209354752977,1,False,False
1.1026520049431903,-0.5300743433183399,0.07109178222544127,-0.5735274753791311,0.2987914817343836,1,0,1,1,0,0.38060973612157656,0,False,False
1.1026520049431903,-0.4202918948467409,1.5060925715908347,1.436584898136151,0.2987914817343836,1,0,0,1,0,-0.8184209354752977,0,True,False
1.1026520049431903,0.6575721446925954,0.07109178222544127,1.436584898136151,1.5860749405900276,1,0,0,0,1,-0.8184209354752977,1,False,False
1.1026520049431903,0.6974930350459041,0.07109178222544127,1.436584898136151,1.5860749405900276,1,0,0,0,1,-0.8184209354752977,1,False,False
1.1026520049431903,0.29828413151281663,0.07109178222544127,-0.5735274753791311,-0.9884919771212606,1,1,1,0,1,1.5796404077184507,1,False,False
1.1026520049431903,0.44798747033772446,0.07109178222544127,1.436584898136151,1.5860749405900276,1,1,0,0,1,-0.8184209354752977,0,False,False
1.0906081335526914,0.44798747033772446,0.07109178222544127,-0.5735274753791311,0.2987914817343836,1,0,0,1,0,0.38060973612157656,1,True,False
1.0825788859590253,-0.5500347884949943,0.07109178222544127,1.436584898136151,0.2987914817343836,1,0,1,0,1,0.38060973612157656,0,True,False
1.0825788859590253,2.6935375527113417,0.07109178222544127,1.436584898136151,-0.9884919771212606,1,0,1,0,1,0.38060973612157656,1,False,False
1.0625057669748603,0.44798747033772446,0.07109178222544127,1.436584898136151,2.22971667001785,1,0,0,0,1,-0.8184209354752977,0,True,False
1.0223595290065304,-0.6697974595549205,0.07109178222544127,-0.5735274753791311,0.2987914817343836,1,0,0,1,0,1.5796404077184507,0,True,False
1.0223595290065304,1.5707625115245332,0.07109178222544127,1.436584898136151,1.5860749405900276,1,0,0,0,1,-0.8184209354752977,0,False,False
1.0223595290065304,0.7823249270466852,0.07109178222544127,-0.5735274753791311,1.5860749405900276,1,0,1,0,0,-0.8184209354752977,1,False,True
1.0022864100223654,-0.5699952336716487,0.07109178222544127,-0.5735274753791311,-0.9884919771212606,1,0,1,0,0,1.5796404077184507,0,True,False
1.0022864100223654,1.1515931628147913,0.07109178222544127,-0.5735274753791311,-0.9884919771212606,1,1,1,0,1,1.5796404077184507,1,False,True
0.9822132910382004,1.7354361842319317,2.2235929662735314,3.4466972716514332,0.2987914817343836,1,0,0,0,0,1.5796404077184507,0,False,False
0.9822132910382004,-0.051023659078634945,0.07109178222544127,-0.5735274753791311,0.2987914817343836,1,0,0,0,1,-0.8184209354752977,0,True,False
0.9701694196477014,0.822245817399994,-1.363909007139952,-0.5735274753791311,-0.9884919771212606,1,1,1,0,0,1.5796404077184507,1,False,False
0.9621401720540353,-0.15082588496190683,0.07109178222544127,1.436584898136151,2.22971667001785,1,1,0,0,1,-0.8184209354752977,0,False,False
0.9019208151015404,1.0468008256373558,0.07109178222544127,1.436584898136151,-0.9884919771212606,1,0,1,0,1,2.179155743516888,0,True,False
0.9019208151015404,0.44798747033772446,1.5060925715908347,1.436584898136151,2.22971667001785,1,0,0,0,0,0.38060973612157656,0,True,False
0.9019208151015404,-0.5001336755533584,0.07109178222544127,1.436584898136151,1.5860749405900276,1,0,0,0,1,1.5796404077184507,0,True,False
0.9019208151015404,1.9450208585868025,0.07109178222544127,-0.5735274753791311,-0.9884919771212606,1,0,1,0,0,0.38060973612157656,1,False,False
0.9019208151015404,0.6475919221042682,0.07109178222544127,-0.5735274753791311,-0.9884919771212606,1,1,1,0,1,0.38060973612157656,1,True,False
0.8979061913047074,0.7473941479875401,0.07109178222544127,1.436584898136151,1.5860749405900276,1,0,0,0,1,-0.8184209354752977,1,False,True
0.8818476961173753,0.44798747033772446,1.5060925715908347,-0.5735274753791311,1.5860749405900276,1,1,1,0,0,-0.8184209354752977,1,False,True
0.8617745771332104,0.7473941479875401,0.07109178222544127,1.436584898136151,-0.9884919771212606,1,0,1,0,1,-0.8184209354752977,1,False,True
0.8617745771332104,0.19848190562954476,0.07109178222544127,-0.5735274753791311,1.5860749405900276,1,0,0,0,0,0.38060973612157656,1,False,True
0.8417014581490454,0.19848190562954476,0.07109178222544127,1.436584898136151,2.22971667001785,1,1,0,0,1,0.38060973612157656,0,True,False
0.8417014581490454,0.6226413656334502,0.07109178222544127,1.436584898136151,1.5860749405900276,1,1,0,0,1,-0.8184209354752977,0,False,False
0.8417014581490454,0.19848190562954476,0.07109178222544127,1.436584898136151,-0.9884919771212606,1,1,1,0,0,1.5796404077184507,1,False,False
0.8216283391648804,-0.3005292237868146,0.07109178222544127,-0.5735274753791311,2.22971667001785,1,0,0,0,1,-0.8184209354752977,0,False,True
0.8216283391648804,0.17353134915872678,1.5060925715908347,1.436584898136151,-0.9884919771212606,1,0,1,0,1,-0.8184209354752977,1,True,False
0.8015552201807153,0.6575721446925954,0.07109178222544127,-0.5735274753791311,1.5860749405900276,1,0,1,0,0,-0.8184209354752977,1,False,True
0.7915186606886329,-0.9292832468514275,1.5060925715908347,-0.5735274753791311,1.5860749405900276,1,0,0,0,0,0.38060973612157656,0,True,False
0.7814821011965504,0.7548793149287855,1.5060925715908347,1.436584898136151,0.2987914817343836,1,1,0,1,0,0.38060973612157656,0,True,False
0.7814821011965504,0.7473941479875401,0.07109178222544127,-0.5735274753791311,-0.9884919771212606,1,1,1,0,0,1.5796404077184507,1,True,False
0.7814821011965504,1.631641869313329,0.07109178222544127,-0.5735274753791311,1.5860749405900276,1,0,0,0,1,1.5796404077184507,0,False,True
0.7774674773997173,-0.4003314496700865,2.2235929662735314,1.436584898136151,0.2987914817343836,1,0,0,0,0,-0.8184209354752977,0,False,False
0.7774674773997173,2.2544077588249456,0.07109178222544127,-0.5735274753791311,-0.9884919771212606,1,0,1,0,0,1.5796404077184507,1,False,False
0.7413358632282204,0.8471963738708119,-1.363909007139952,-0.5735274753791311,-0.9884919771212606,1,1,1,0,0,1.5796404077184507,0,False,False
0.7413358632282204,1.4460097291704432,0.07109178222544127,-0.5735274753791311,-0.9884919771212606,1,1,1,0,1,1.5796404077184507,1,True,False
0.7413358632282204,0.8970974868124479,0.07109178222544127,1.436584898136151,-0.9884919771212606,1,1,1,0,0,-0.8184209354752977,1,False,True
0.7011896252598904,-0.6997381273199021,1.5060925715908347,-0.5735274753791311,0.2987914817343836,1,1,0,0,1,-0.8184209354752977,0,False,False
0.7011896252598904,0.6575721446925954,0.07109178222544127,-0.5735274753791311,-0.9884919771212606,1,0,1,0,1,-0.8184209354752977,1,False,False
0.7011896252598904,0.956978822342411,0.07109178222544127,-0.5735274753791311,-0.9884919771212606,1,0,1,0,1,1.5796404077184507,1,True,False
0.7011896252598904,0.7174534802225585,0.07109178222544127,-0.5735274753791311,-0.9884919771212606,1,1,1,0,0,1.5796404077184507,1,False,False
0.7011896252598904,1.0622701706492628,0.07109178222544127,-0.5735274753791311,0.2987914817343836,1,1,1,0,1,-0.8184209354752977,1,True,False
0.7011896252598904,0.5747362972094797,1.5060925715908347,1.436584898136151,-0.9884919771212606,1,0,1,0,0,0.38060973612157656,1,True,False
0.7011896252598904,1.1066821611673188,1.5060925715908347,1.436584898136151,0.2987914817343836,1,0,0,0,0,-0.8184209354752977,0,False,False
0.7011896252598904,0.7099683132813132,0.07109178222544127,1.436584898136151,2.22971667001785,1,0,0,0,0,0.38060973612157656,0,False,False
0.6971750014630574,2.6935375527113417,0.07109178222544127,-0.5735274753791311,-0.9884919771212606,1,0,0,0,1,1.5796404077184507,0,True,False
0.6610433872915604,1.0268403804607014,0.07109178222544127,-0.5735274753791311,-0.9884919771212606,1,0,1,0,0,1.5796404077184507,1,False,True
0.6610433872915604,0.6974930350459041,0.07109178222544127,1.436584898136151,1.5860749405900276,1,0,0,0,1,-0.8184209354752977,0,False,True
0.6570287634947274,0.19848190562954476,0.07109178222544127,-0.5735274753791311,1.5860749405900276,1,1,0,0,1,0.38060973612157656,0,False,False
0.6570287634947274,2.6935375527113417,0.07109178222544127,-0.5735274753791311,1.5860749405900276,1,0,0,0,0,1.5796404077184507,1,True,False
0.6530141396978943,-0.15082588496190683,0.07109178222544127,-0.5735274753791311,-0.9884919771212606,1,1,1,0,0,-0.8184209354752977,0,False,True
0.6208971493232304,0.3621575560781106,1.5060925715908347,-0.5735274753791311,2.22971667001785,1,1,0,0,0,-0.8184209354752977,0,True,False
0.6208971493232304,0.048778566804636936,0.07109178222544127,-0.5735274753791311,1.5860749405900276,1,0,0,0,1,-0.8184209354752977,0,True,False
0.6208971493232304,-0.15082588496190683,0.07109178222544127,-0.5735274753791311,1.5860749405900276,1,0,0,0,1,-0.8184209354752977,0,False,True
0.6168825255263974,0.9469985997540838,0.07109178222544127,-0.5735274753791311,-0.9884919771212606,1,0,1,0,0,1.5796404077184507,1,True,False
0.6008240303390654,0.44798747033772446,0.07109178222544127,1.436584898136151,2.22971667001785,1,0,0,0,1,-0.8184209354752977,0,False,True
0.5807509113549004,0.1485807926879088,1.5060925715908347,1.436584898136151,0.2987914817343836,1,0,0,0,1,1.5796404077184507,0,False,True
0.5807509113549004,-0.2306676656685243,1.5060925715908347,-0.5735274753791311,0.2987914817343836,1,0,0,0,0,0.38060973612157656,0,True,False
0.5807509113549004,-0.051023659078634945,0.07109178222544127,-0.5735274753791311,1.5860749405900276,1,0,0,0,1,-0.8184209354752977,0,True,False
0.5807509113549004,0.6276314769276138,0.07109178222544127,-0.5735274753791311,-0.9884919771212606,1,1,1,0,1,1.5796404077184507,1,False,False
0.5807509113549004,0.3481852444544526,0.07109178222544127,1.436584898136151,2.22971667001785,1,0,0,0,1,-0.8184209354752977,0,False,True
0.5305681138944879,0.7773348157525216,1.5060925715908347,1.436584898136151,0.2987914817343836,1,1,1,0,0,0.38060973612157656,1,True,False
0.5004584354182404,2.6935375527113417,1.5060925715908347,1.436584898136151,0.2987914817343836,1,0,0,0,0,0.38060973612157656,0,True,False
0.5004584354182404,-0.15082588496190683,2.2235929662735314,1.436584898136151,1.5860749405900276,0,0,1,1,0,-0.8184209354752977,0,False,True
0.5004584354182404,-0.20072699790354276,1.5060925715908347,-0.5735274753791311,0.2987914817343836,1,1,1,0,1,0.38060973612157656,0,False,False
0.5004584354182404,-0.051023659078634945,0.07109178222544127,-0.5735274753791311,2.22971667001785,1,0,0,0,0,-0.8184209354752977,0,False,False
0.5004584354182404,2.6935375527113417,-1.363909007139952,-0.5735274753791311,-0.9884919771212606,1,0,0,0,0,0.38060973612157656,0,True,False
0.5004584354182404,0.19848190562954476,0.07109178222544127,1.436584898136151,0.2987914817343836,1,0,0,0,0,0.38060973612157656,0,True,False
0.5004584354182404,0.6276314769276138,0.07109178222544127,-0.5735274753791311,1.5860749405900276,1,0,0,0,0,-0.8184209354752977,1,True,False
0.5004584354182404,0.7473941479875401,1.5060925715908347,1.436584898136151,-0.9884919771212606,1,0,1,0,0,-0.8184209354752977,1,True,False
0.5004584354182404,0.01684185452198993,0.07109178222544127,-0.5735274753791311,0.2987914817343836,1,1,1,0,1,-0.8184209354752977,1,False,True
0.4803853164340754,-0.3504303367284506,1.5060925715908347,-0.5735274753791311,0.2987914817343836,1,0,0,0,1,1.5796404077184507,1,True,False
0.4803853164340754,0.1485807926879088,2.2235929662735314,-0.5735274753791311,0.2987914817343836,1,1,1,0,1,-0.8184209354752977,1,False,False
0.4603121974499104,-0.8993425790864459,0.07109178222544127,3.4466972716514332,0.2987914817343836,1,0,1,0,0,-0.8184209354752977,0,True,False
0.4603121974499104,-0.7246886837907202,0.07109178222544127,1.436584898136151,0.2987914817343836,1,0,0,0,0,1.5796404077184507,0,True,False
0.4603121974499104,0.49788858327936036,0.07109178222544127,1.436584898136151,-0.9884919771212606,1,0,1,0,0,1.5796404077184507,1,False,False
0.4562975736530774,0.8970974868124479,0.07109178222544127,-0.5735274753791311,-0.9884919771212606,1,1,1,0,0,-0.8184209354752977,1,True,False
0.4402390784657454,-1.1403649545945476,1.5060925715908347,1.436584898136151,0.2987914817343836,0,1,1,0,0,0.38060973612157656,0,False,False
0.4402390784657454,1.436029506582116,0.07109178222544127,-0.5735274753791311,-0.9884919771212606,1,0,0,0,0,1.5796404077184507,0,True,False
0.4201659594815804,-0.9741942484988998,0.07109178222544127,1.436584898136151,-0.9884919771212606,1,1,1,0,1,-0.8184209354752977,0,False,False
0.4201659594815804,0.5527798075151599,1.5060925715908347,-0.5735274753791311,2.22971667001785,1,1,0,0,1,-0.8184209354752977,0,False,False
0.4201659594815804,0.49788858327936036,0.07109178222544127,-0.5735274753791311,1.5860749405900276,1,1,0,0,1,-0.8184209354752977,1,True,False
0.4201659594815804,0.7473941479875401,1.5060925715908347,1.436584898136151,0.2987914817343836,1,1,1,0,0,-0.8184209354752977,1,True,False
0.4000928404974154,0.859671652106221,0.07109178222544127,-0.5735274753791311,-0.9884919771212606,1,1,1,0,1,-0.8184209354752977,1,True,False
0.3800197215132504,0.8022853722233396,0.07109178222544127,1.436584898136151,0.2987914817343836,1,1,1,0,0,0.38060973612157656,1,False,False
0.3760050977164174,0.6725424785750862,0.07109178222544127,1.436584898136151,-0.9884919771212606,1,1,1,1,0,-0.8184209354752977,0,False,True
0.3398734835449204,1.3462075032871714,0.07109178222544127,-0.5735274753791311,-0.9884919771212606,1,0,1,0,1,1.5796404077184507,1,False,True
0.3198003645607554,-0.2506281108451787,-1.363909007139952,1.436584898136151,-0.9884919771212606,1,0,0,0,1,1.5796404077184507,0,True,False
0.2997272455765904,-0.4202918948467409,1.5060925715908347,-0.5735274753791311,0.2987914817343836,1,0,1,0,1,-0.8184209354752977,0,False,False
0.2997272455765904,0.7174534802225585,1.5060925715908347,1.436584898136151,0.2987914817343836,0,0,0,0,1,-0.8184209354752977,0,True,False
0.2997272455765904,0.19848190562954476,0.07109178222544127,1.436584898136151,-0.9884919771212606,1,0,1,0,0,-0.8184209354752977,0,True,False
0.2997272455765904,2.5782659818161626,0.07109178222544127,-0.5735274753791311,-0.9884919771212606,1,0,0,0,0,0.38060973612157656,1,True,False
0.2997272455765904,1.645614180936987,0.07109178222544127,-0.5735274753791311,0.2987914817343836,1,1,1,0,1,1.5796404077184507,1,False,True
0.2997272455765904,0.09867967974627287,1.5060925715908347,1.436584898136151,-0.9884919771212606,1,0,0,0,1,-0.8184209354752977,1,False,True
0.2997272455765904,-0.6498370143782662,0.07109178222544127,-0.5735274753791311,0.2987914817343836,1,1,1,0,0,0.38060973612157656,1,False,True
0.2997272455765904,2.34422976211989,1.5060925715908347,1.436584898136151,0.2987914817343836,1,1,0,0,0,1.5796404077184507,0,True,False
0.2997272455765904,1.70549551646695,0.07109178222544127,-0.5735274753791311,-0.9884919771212606,1,0,0,0,1,1.5796404077184507,0,False,False
0.2957126217797574,0.4729380268085424,0.07109178222544127,-0.5735274753791311,-0.9884919771212606,1,0,1,0,0,-0.8184209354752977,1,True,False
0.2876833741860914,0.9894145457544744,0.07109178222544127,-0.5735274753791311,-0.9884919771212606,1,1,1,0,0,1.5796404077184507,1,True,False
0.2796541265924254,-0.959223914616409,0.07109178222544127,1.436584898136151,0.2987914817343836,1,0,0,0,0,1.5796404077184507,0,True,False
0.2796541265924254,-0.3005292237868146,1.5060925715908347,1.436584898136151,-0.9884919771212606,0,0,1,0,1,1.5796404077184507,0,True,False
0.2796541265924254,1.0468008256373558,0.07109178222544127,-0.5735274753791311,0.2987914817343836,1,1,1,0,0,0.38060973612157656,1,False,False
0.23950788862409542,-0.8444513548506464,0.07109178222544127,-0.5735274753791311,0.2987914817343836,0,0,0,0,1,-0.8184209354752977,0,True,False
0.23950788862409542,1.436029506582116,0.07109178222544127,-0.5735274753791311,-0.9884919771212606,1,0,0,0,0,0.38060973612157656,1,True,False
0.21943476963993042,-1.0490459179113538,0.07109178222544127,1.436584898136151,0.2987914817343836,1,1,1,0,0,-0.8184209354752977,0,False,False
0.21943476963993042,-1.0490459179113538,0.07109178222544127,-0.5735274753791311,0.2987914817343836,1,0,1,0,0,-0.8184209354752977,0,False,True
0.21943476963993042,2.6935375527113417,-1.363909007139952,-0.5735274753791311,0.2987914817343836,1,0,0,0,0,-0.8184209354752977,1,False,False
0.21943476963993042,0.49788858327936036,0.07109178222544127,-0.5735274753791311,-0.9884919771212606,1,0,1,0,1,-0.8184209354752977,1,True,False
0.19936165065576542,0.30826435410114383,-1.363909007139952,-0.5735274753791311,0.2987914817343836,1,0,0,0,1,-0.8184209354752977,1,False,True
0.17928853167160042,-0.7795799080265197,-1.363909007139952,-0.5735274753791311,-0.9884919771212606,0,1,1,0,0,-0.8184209354752977,0,True,False
0.17928853167160042,1.2464052774038994,1.5060925715908347,-0.5735274753791311,0.2987914817343836,1,0,0,0,1,1.5796404077184507,0,False,False
0.17928853167160042,2.6935375527113417,0.07109178222544127,-0.5735274753791311,0.2987914817343836,1,1,1,0,0,-0.8184209354752977,0,True,False
0.17928853167160042,0.7473941479875401,0.07109178222544127,-0.5735274753791311,-0.9884919771212606,1,1,1,0,0,-0.8184209354752977,1,False,False
0.1752739078747674,-0.15082588496190683,-1.363909007139952,-0.5735274753791311,-0.9884919771212606,1,1,1,0,0,-0.8184209354752977,0,True,False
0.15921541268743541,1.5208613985828972,0.07109178222544127,1.436584898136151,-0.9884919771212606,1,1,1,0,0,-0.8184209354752977,0,True,False
0.13914229370327041,-0.345440225434287,1.5060925715908347,3.4466972716514332,0.2987914817343836,1,0,1,0,0,1.5796404077184507,0,True,False
0.13914229370327041,1.2893202345337065,0.07109178222544127,-0.5735274753791311,-0.9884919771212606,1,1,1,1,0,-0.8184209354752977,0,True,False
0.13111304610960442,-1.1488481437946256,0.07109178222544127,1.436584898136151,0.2987914817343836,0,0,1,0,1,0.38060973612157656,0,True,False
0.11906917471910541,0.4220388916080738,0.07109178222544127,-0.5735274753791311,0.2987914817343836,1,0,0,0,1,-0.8184209354752977,0,True,False
0.10301067953177341,-0.45023256261172245,0.07109178222544127,-0.5735274753791311,0.2987914817343836,1,0,0,0,0,0.38060973612157656,0,False,False
0.09899605573494041,-0.2905490011984875,0.07109178222544127,-0.5735274753791311,0.2987914817343836,1,0,1,0,1,-0.8184209354752977,0,True,False
0.09899605573494041,-0.5026287312004402,0.07109178222544127,-0.5735274753791311,0.2987914817343836,0,1,1,0,1,-0.8184209354752977,0,True,False
0.09899605573494041,-0.4901534529650312,-1.363909007139952,-0.5735274753791311,-0.9884919771212606,1,0,1,0,0,0.38060973612157656,0,True,False
0.09899605573494041,0.1485807926879088,1.5060925715908347,-0.5735274753791311,0.2987914817343836,1,0,0,0,0,-0.8184209354752977,0,True,False
0.09899605573494041,-0.1657962188443976,0.07109178222544127,-0.5735274753791311,-0.9884919771212606,1,1,1,0,0,-0.8184209354752977,0,True,False
0.09899605573494041,0.5976908091626323,0.07109178222544127,-0.5735274753791311,-0.9884919771212606,1,0,0,0,1,1.5796404077184507,0,True,False
0.09899605573494041,0.3481852444544526,-1.363909007139952,-0.5735274753791311,-0.9884919771212606,1,1,1,0,1,-0.8184209354752977,0,True,False
0.09899605573494041,-1.0490459179113538,0.07109178222544127,-0.5735274753791311,0.2987914817343836,1,0,1,0,1,-0.8184209354752977,0,True,False
0.09899605573494041,-1.0640162517938445,0.07109178222544127,-0.5735274753791311,1.5860749405900276,1,0,0,0,0,-0.8184209354752977,0,True,False
0.09899605573494041,0.8072754835175032,0.07109178222544127,-0.5735274753791311,-0.9884919771212606,1,0,0,0,0,-0.8184209354752977,0,False,True
0.09899605573494041,-0.22767359889202618,0.07109178222544127,-0.5735274753791311,0.2987914817343836,1,1,1,0,0,1.5796404077184507,0,True,False
0.09899605573494041,2.6935375527113417,0.07109178222544127,-0.5735274753791311,-0.9884919771212606,1,0,0,0,0,1.5796404077184507,0,False,False
0.0949814319381074,-0.8394612435564828,1.5060925715908347,1.436584898136151,0.2987914817343836,1,0,1,0,1,1.5796404077184507,0,True,False
0.0949814319381074,-0.053518714725716746,1.5060925715908347,1.436584898136151,-0.9884919771212606,1,0,1,0,0,-0.8184209354752977,0,True,False
0.07892293675077541,-0.37538089319926854,-1.363909007139952,-0.5735274753791311,-0.9884919771212606,1,0,1,0,0,-0.8184209354752977,0,False,True
0.05884981776661041,-0.47019300778837686,0.07109178222544127,-0.5735274753791311,1.5860749405900276,1,0,0,0,0,-0.8184209354752977,0,False,True
0.05884981776661041,0.4679479155143788,0.07109178222544127,-0.5735274753791311,-0.9884919771212606,1,0,0,0,0,1.5796404077184507,1,True,False
0.05884981776661041,0.8781350638946263,0.07109178222544127,-0.5735274753791311,0.2987914817343836,1,0,0,0,1,1.5796404077184507,1,False,False
0.05884981776661041,-0.14334071802066142,-1.363909007139952,-0.5735274753791311,-0.9884919771212606,1,0,0,0,1,-0.8184209354752977,1,True,False
0.03877669878244541,0.9469985997540838,0.07109178222544127,-0.5735274753791311,0.2987914817343836,1,0,1,0,0,-0.8184209354752977,0,False,True
0.03877669878244541,1.4959108421120793,1.5060925715908347,-0.5735274753791311,2.22971667001785,1,0,1,0,1,1.5796404077184507,0,True,False
0.022718203595113413,-0.8394612435564828,1.5060925715908347,1.436584898136151,0.2987914817343836,1,0,0,0,0,-0.8184209354752977,0,True,False
0.018703579798280412,2.0278567060699184,-1.363909007139952,-0.5735274753791311,-0.9884919771212606,1,0,1,0,1,1.5796404077184507,0,True,False
0.018703579798280412,0.6081700428803758,0.07109178222544127,-0.5735274753791311,0.2987914817343836,1,0,1,0,1,0.38060973612157656,0,False,False
0.018703579798280412,2.5637946590630882,-1.363909007139952,-0.5735274753791311,-0.9884919771212606,1,0,0,0,1,1.5796404077184507,1,False,True
0.014688956001447411,0.6675523672809226,-1.363909007139952,-0.5735274753791311,-0.9884919771212606,1,0,0,0,1,2.179155743516888,0,True,False
-0.02144265817004959,0.03380823292214615,0.07109178222544127,-0.5735274753791311,2.22971667001785,1,0,0,0,1,-0.8184209354752977,0,True,False
-0.02144265817004959,0.44798747033772446,-1.363909007139952,-0.5735274753791311,-0.9884919771212606,1,0,1,0,1,0.38060973612157656,0,False,False
-0.02144265817004959,-0.7346689063790474,0.07109178222544127,-0.5735274753791311,0.2987914817343836,1,0,0,0,0,1.5796404077184507,0,True,False
-0.02144265817004959,2.2778612819075144,1.5060925715908347,1.436584898136151,0.2987914817343836,1,1,1,0,0,0.38060973612157656,0,True,False
-0.02144265817004959,0.1485807926879088,-1.363909007139952,-0.5735274753791311,0.2987914817343836,1,0,0,0,0,-0.8184209354752977,1,True,False
-0.02144265817004959,-0.39035122708175934,0.07109178222544127,-0.5735274753791311,-0.9884919771212606,1,0,0,0,0,-0.8184209354752977,1,True,False
-0.04151577715421459,-0.677282626496166,0.07109178222544127,-0.5735274753791311,0.2987914817343836,1,0,1,0,0,-0.8184209354752977,0,False,False
-0.06158889613837958,-0.47019300778837686,0.07109178222544127,-0.5735274753791311,-0.9884919771212606,1,1,1,0,1,-0.8184209354752977,0,False,True
-0.06158889613837958,-0.6099161240249574,0.07109178222544127,1.436584898136151,0.2987914817343836,1,0,1,0,0,1.5796404077184507,0,True,False
-0.06158889613837958,0.2883039089244894,0.07109178222544127,-0.5735274753791311,0.2987914817343836,1,1,0,0,1,0.38060973612157656,0,True,False
-0.06158889613837958,-1.1139173647354805,-1.363909007139952,-0.5735274753791311,0.2987914817343836,1,1,1,0,0,-0.8184209354752977,1,True,False
-0.06158889613837958,-0.04603354778447135,0.07109178222544127,-0.5735274753791311,0.2987914817343836,1,0,1,0,0,-0.8184209354752977,0,True,False
-0.06560351993521259,-0.295539112492651,1.5060925715908347,1.436584898136151,0.2987914817343836,1,0,1,0,0,-0.8184209354752977,0,True,False
-0.08166201512254459,-0.5500347884949943,0.07109178222544127,-0.5735274753791311,0.2987914817343836,1,0,0,0,0,0.38060973612157656,0,False,False
-0.08166201512254459,-0.6298765692016118,0.07109178222544127,-0.5735274753791311,0.2987914817343836,1,0,0,0,0,0.38060973612157656,1,True,False
-0.10173513410670959,-0.6697974595549205,0.07109178222544127,-0.5735274753791311,-0.9884919771212606,1,0,0,0,0,1.5796404077184507,0,True,False
-0.10173513410670959,-0.7296787950848838,0.07109178222544127,-0.5735274753791311,0.2987914817343836,1,0,0,0,1,-0.8184209354752977,0,False,False
-0.10173513410670959,-1.2736009261487156,0.07109178222544127,-0.5735274753791311,0.2987914817343836,1,0,1,0,0,-0.8184209354752977,0,False,False
-0.10173513410670959,0.10865990233460006,0.07109178222544127,-0.5735274753791311,0.2987914817343836,1,1,1,0,0,-0.8184209354752977,1,True,False
-0.10173513410670959,0.12862034751125442,0.07109178222544127,-0.5735274753791311,0.2987914817343836,1,0,0,0,0,1.5796404077184507,1,False,True
-0.10173513410670959,-0.7895601306148469,0.07109178222544127,-0.5735274753791311,-0.9884919771212606,1,0,0,0,0,-0.8184209354752977,1,True,False
-0.10173513410670959,1.645614180936987,1.5060925715908347,-0.5735274753791311,2.22971667001785,1,0,0,0,0,2.179155743516888,0,False,True
-0.10574975790354259,-0.5001336755533584,-1.363909007139952,1.436584898136151,-0.9884919771212606,1,1,1,0,0,-0.8184209354752977,0,True,False
-0.10574975790354259,-0.05601377037279854,1.5060925715908347,1.436584898136151,0.2987914817343836,1,1,1,0,0,-0.8184209354752977,1,False,False
-0.12180825309087459,-0.7945502419090105,0.07109178222544127,-0.5735274753791311,1.5860749405900276,1,0,0,0,0,-0.8184209354752977,0,True,False
-0.12180825309087459,-0.824490909673992,0.07109178222544127,-0.5735274753791311,0.2987914817343836,1,0,1,0,0,0.38060973612157656,0,True,False
-0.12180825309087459,2.3741704298848716,0.07109178222544127,-0.5735274753791311,-0.9884919771212606,1,0,0,0,0,-0.8184209354752977,0,True,False
-0.12180825309087459,-0.7895601306148469,-1.363909007139952,-0.5735274753791311,0.2987914817343836,1,0,0,0,0,-0.8184209354752977,1,False,False
-0.1418813720750396,-0.295539112492651,1.5060925715908347,-0.5735274753791311,0.2987914817343836,1,0,0,0,1,1.5796404077184507,0,True,False
-0.1418813720750396,0.3906011904548431,-1.363909007139952,-0.5735274753791311,-0.9884919771212606,1,0,0,0,1,0.38060973612157656,0,False,True
-0.1418813720750396,-0.5500347884949943,0.07109178222544127,-0.5735274753791311,0.2987914817343836,1,0,0,0,0,1.5796404077184507,0,False,False
-0.1418813720750396,1.5707625115245332,0.07109178222544127,-0.5735274753791311,-0.9884919771212606,1,0,0,0,0,-0.8184209354752977,0,False,False
-0.1418813720750396,-0.5300743433183399,0.07109178222544127,-0.5735274753791311,0.2987914817343836,1,0,0,0,0,0.38060973612157656,0,True,False
-0.14589599587187257,0.6276314769276138,-1.363909007139952,-0.5735274753791311,-0.9884919771212606,1,0,1,0,1,0.38060973612157656,0,False,False
-0.14589599587187257,-0.9682061149459035,0.07109178222544127,-0.5735274753791311,0.2987914817343836,1,0,0,0,1,0.38060973612157656,0,False,False
-0.14589599587187257,-0.7945502419090105,0.07109178222544127,-0.5735274753791311,0.2987914817343836,1,0,0,0,0,-0.8184209354752977,0,True,False
-0.1619544910592046,-0.6747875708490841,-1.363909007139952,-0.5735274753791311,-0.9884919771212606,1,1,1,0,0,-0.8184209354752977,0,True,False
-0.1820276100433696,-0.5660031446363178,0.07109178222544127,-0.5735274753791311,0.2987914817343836,0,0,0,0,0,-0.8184209354752977,0,True,False
-0.1820276100433696,-0.10092477202027088,-1.363909007139952,-0.5735274753791311,0.2987914817343836,1,0,1,0,0,-0.8184209354752977,0,True,False
-0.18604223384020258,-1.1089272534413168,0.07109178222544127,-0.5735274753791311,0.2987914817343836,1,0,0,0,0,-0.8184209354752977,1,True,False
-0.18604223384020258,-0.11090499460859807,0.07109178222544127,-0.5735274753791311,-0.9884919771212606,1,0,0,0,0,1.5796404077184507,1,False,True
-0.18604223384020258,-0.0909445494319437,0.07109178222544127,-0.5735274753791311,0.2987914817343836,1,0,0,0,0,0.38060973612157656,0,True,False
-0.19808610523070158,-0.07597421554945291,1.5060925715908347,-0.5735274753791311,0.2987914817343836,1,0,0,0,1,-0.8184209354752977,0,True,False
-0.2021007290275346,-0.5999359014366302,0.07109178222544127,-0.5735274753791311,0.2987914817343836,1,0,0,0,0,-0.8184209354752977,0,False,True
-0.2221738480116996,-0.3005292237868146,0.07109178222544127,1.436584898136151,1.5860749405900276,1,0,0,1,0,0.38060973612157656,0,False,False
-0.2221738480116996,-1.5954631046222674,2.2235929662735314,-0.5735274753791311,0.2987914817343836,0,0,1,0,0,-0.8184209354752977,0,True,False
-0.2221738480116996,-0.5126089537887674,0.07109178222544127,-0.5735274753791311,-0.9884919771212606,1,1,1,0,0,1.5796404077184507,0,True,False
-0.2221738480116996,-0.7995403532031741,1.5060925715908347,-0.5735274753791311,0.2987914817343836,1,0,0,0,0,1.5796404077184507,0,False,False
-0.2221738480116996,0.6725424785750862,1.5060925715908347,-0.5735274753791311,0.2987914817343836,1,0,0,0,0,-0.8184209354752977,0,True,False
-0.23421771940219857,-0.5340664323536708,-1.363909007139952,-0.5735274753791311,-0.9884919771212606,1,0,1,0,0,-0.8184209354752977,0,False,False
-0.2422469669958646,-0.3504303367284506,-1.363909007139952,-0.5735274753791311,-0.9884919771212606,1,0,0,0,0,0.38060973612157656,0,True,False
-0.2422469669958646,2.6236759945930515,-1.363909007139952,-0.5735274753791311,-0.9884919771212606,1,0,0,0,0,0.38060973612157656,1,True,False
-0.25830546218319655,-0.84944146614481,0.07109178222544127,-0.5735274753791311,0.2987914817343836,1,0,1,0,0,1.5796404077184507,1,True,False
-0.2623200859800296,0.6276314769276138,-1.363909007139952,-0.5735274753791311,-0.9884919771212606,1,0,0,0,0,-0.8184209354752977,0,False,False
-0.2623200859800296,0.6276314769276138,-1.363909007139952,-0.5735274753791311,0.2987914817343836,1,0,0,0,0,-0.8184209354752977,0,False,True
-0.2623200859800296,-0.3005292237868146,-1.363909007139952,-0.5735274753791311,-0.9884919771212606,1,0,0,0,1,1.5796404077184507,0,False,False
-0.2623200859800296,-1.4607300996798502,0.07109178222544127,-0.5735274753791311,0.2987914817343836,0,1,1,0,1,-0.8184209354752977,0,False,True
-0.2623200859800296,-0.37039078190510494,1.5060925715908347,-0.5735274753791311,0.2987914817343836,1,0,0,0,0,-0.8184209354752977,0,False,False
-0.2623200859800296,1.3312371694046805,-1.363909007139952,-0.5735274753791311,-0.9884919771212606,1,0,0,0,0,0.38060973612157656,0,False,False
-0.28239320496419457,0.772344704458358,0.07109178222544127,-0.5735274753791311,0.2987914817343836,1,1,0,0,0,-0.8184209354752977,0,True,False
-0.28239320496419457,-1.1553352884770383,0.07109178222544127,-0.5735274753791311,-0.9884919771212606,1,0,1,0,0,-0.8184209354752977,1,False,False
-0.3024663239483596,0.19848190562954476,0.07109178222544127,-0.5735274753791311,0.2987914817343836,1,0,0,0,1,-0.8184209354752977,0,False,True
-0.3024663239483596,-0.03106321390198057,0.07109178222544127,-0.5735274753791311,0.2987914817343836,1,0,1,0,1,-0.8184209354752977,0,False,True
-0.3024663239483596,0.37313580092527054,-1.363909007139952,-0.5735274753791311,-0.9884919771212606,1,1,1,0,0,1.5796404077184507,0,True,False
-0.3024663239483596,-1.243660258383734,1.5060925715908347,3.4466972716514332,0.2987914817343836,0,0,0,0,0,-0.8184209354752977,0,True,False
-0.3024663239483596,-1.0724994409939226,0.07109178222544127,-0.5735274753791311,0.2987914817343836,1,0,1,0,1,-0.8184209354752977,0,False,True
-0.3024663239483596,-1.1752957336536927,1.5060925715908347,1.436584898136151,0.2987914817343836,0,0,0,0,0,-0.8184209354752977,0,True,False
-0.3024663239483596,-0.345440225434287,-1.363909007139952,-0.5735274753791311,-0.9884919771212606,0,0,0,0,0,0.38060973612157656,0,False,True
-0.3024663239483596,-0.5500347884949943,1.5060925715908347,1.436584898136151,0.2987914817343836,0,0,0,0,0,-0.8184209354752977,0,True,False
-0.3024663239483596,-1.3858784302673963,0.07109178222544127,-0.5735274753791311,0.2987914817343836,0,0,0,0,0,-0.8184209354752977,0,True,False
-0.3024663239483596,-0.2506281108451787,0.07109178222544127,1.436584898136151,0.2987914817343836,1,0,0,0,1,0.38060973612157656,0,True,False
-0.3024663239483596,-0.7296787950848838,0.07109178222544127,1.436584898136151,0.2987914817343836,1,0,1,0,0,-0.8184209354752977,0,False,True
-0.3024663239483596,0.3481852444544526,0.07109178222544127,-0.5735274753791311,-0.9884919771212606,1,0,0,1,0,1.5796404077184507,0,True,False
-0.3024663239483596,0.9469985997540838,0.07109178222544127,-0.5735274753791311,-0.9884919771212606,1,0,0,0,0,2.179155743516888,0,False,False
-0.3024663239483596,-0.5106129092711019,0.07109178222544127,-0.5735274753791311,1.5860749405900276,1,0,0,0,0,-0.8184209354752977,0,True,False
-0.3024663239483596,-0.7895601306148469,0.07109178222544127,-0.5735274753791311,0.2987914817343836,1,0,0,0,0,-0.8184209354752977,1,True,False
-0.3024663239483596,-1.475700433562341,0.07109178222544127,-0.5735274753791311,1.5860749405900276,1,0,0,0,0,0.38060973612157656,1,False,True
-0.3024663239483596,-0.3005292237868146,0.07109178222544127,-0.5735274753791311,-0.9884919771212606,1,0,1,0,0,-0.8184209354752977,0,False,False
-0.3064809477451926,1.5707625115245332,0.07109178222544127,-0.5735274753791311,-0.9884919771212606,1,0,1,0,0,2.179155743516888,0,True,False
-0.3064809477451926,-0.824490909673992,0.07109178222544127,-0.5735274753791311,0.2987914817343836,1,0,0,0,0,0.38060973612157656,0,True,False
-0.32253944293252457,-0.13086543978525245,0.07109178222544127,-0.5735274753791311,0.2987914817343836,1,0,0,0,0,0.38060973612157656,0,True,False
-0.32253944293252457,-0.5101138981416856,0.07109178222544127,-0.5735274753791311,0.2987914817343836,1,0,0,0,0,1.5796404077184507,0,True,False
-0.32253944293252457,-0.5270802765418418,0.07109178222544127,-0.5735274753791311,0.2987914817343836,1,0,1,0,0,0.38060973612157656,0,True,False
-0.3426125619166896,-0.2346597547038552,1.5060925715908347,-0.5735274753791311,0.2987914817343836,1,0,0,0,1,-0.8184209354752977,0,True,False
-0.3426125619166896,0.44050230339647906,0.07109178222544127,-0.5735274753791311,-0.9884919771212606,1,0,1,0,0,-0.8184209354752977,0,True,False
-0.3466271857135226,0.477928138102706,-1.363909007139952,-0.5735274753791311,-0.9884919771212606,1,0,1,0,0,0.38060973612157656,0,True,False
-0.36067836900243805,-0.749639240261538,0.07109178222544127,-0.5735274753791311,-0.9884919771212606,1,0,1,0,1,-0.8184209354752977,1,False,False
-0.36268568090085457,-0.7097183499082294,0.07109178222544127,1.436584898136151,0.2987914817343836,1,0,0,0,0,-0.8184209354752977,0,True,False
-0.36268568090085457,-0.5300743433183399,-1.363909007139952,-0.5735274753791311,0.2987914817343836,1,0,0,0,0,0.38060973612157656,0,True,False
-0.36268568090085457,0.2483830185711807,-1.363909007139952,-0.5735274753791311,-0.9884919771212606,1,0,0,0,1,-0.8184209354752977,0,True,False
-0.3827587998850196,0.3980863573960885,1.5060925715908347,1.436584898136151,0.2987914817343836,0,0,1,0,0,0.38060973612157656,0,False,True
-0.3827587998850196,-0.05501574811396582,0.07109178222544127,1.436584898136151,0.2987914817343836,1,0,0,0,0,1.5796404077184507,0,False,True
-0.3827587998850196,-0.38037100449343214,0.07109178222544127,-0.5735274753791311,-0.9884919771212606,1,0,0,0,0,-0.8184209354752977,0,True,False
-0.3827587998850196,-1.0490459179113538,1.5060925715908347,-0.5735274753791311,1.5860749405900276,1,0,1,0,1,1.5796404077184507,0,True,False
-0.3827587998850196,-0.39035122708175934,0.07109178222544127,-0.5735274753791311,0.2987914817343836,1,0,0,0,0,1.5796404077184507,1,False,False
-0.40283191886918457,-0.7346689063790474,0.07109178222544127,1.436584898136151,0.2987914817343836,1,0,0,1,0,1.5796404077184507,0,True,False
-0.40283191886918457,-0.8195007983798284,0.07109178222544127,1.436584898136151,-0.9884919771212606,1,0,1,0,1,0.38060973612157656,0,False,False
-0.40283191886918457,0.1485807926879088,0.07109178222544127,-0.5735274753791311,-0.9884919771212606,1,0,0,0,0,2.179155743516888,0,True,False
-0.41286847836126706,-0.3005292237868146,0.07109178222544127,-0.5735274753791311,0.2987914817343836,0,0,1,0,1,-0.8184209354752977,0,True,False
-0.41286847836126706,-0.8195007983798284,1.5060925715908347,-0.5735274753791311,0.2987914817343836,1,0,0,0,1,-0.8184209354752977,0,True,False
-0.4229050378533496,-0.5001336755533584,1.5060925715908347,-0.5735274753791311,-0.9884919771212606,0,0,1,0,0,-0.8184209354752977,0,False,True
-0.4229050378533496,0.687512812457577,0.07109178222544127,-0.5735274753791311,0.2987914817343836,0,0,0,0,1,0.38060973612157656,0,True,False
-0.4229050378533496,-0.3005292237868146,0.07109178222544127,1.436584898136151,0.2987914817343836,0,0,1,0,1,-0.8184209354752977,0,True,False
-0.4229050378533496,-0.5699952336716487,0.07109178222544127,-0.5735274753791311,0.2987914817343836,1,0,0,0,0,-0.8184209354752977,0,False,False
-0.4229050378533496,-0.5250842320241764,-1.363909007139952,-0.5735274753791311,0.2987914817343836,1,1,1,0,0,-0.8184209354752977,1,False,True
-0.4630512758216796,1.0767414934023374,0.07109178222544127,1.436584898136151,-0.9884919771212606,1,1,1,0,0,2.179155743516888,0,False,False
-0.4630512758216796,0.19848190562954476,1.5060925715908347,-0.5735274753791311,0.2987914817343836,1,1,1,0,0,-0.8184209354752977,0,True,False
-0.4630512758216796,-1.0490459179113538,0.07109178222544127,-0.5735274753791311,0.2987914817343836,1,0,0,0,0,-0.8184209354752977,0,True,False
-0.4630512758216796,-0.9043326903806095,-1.363909007139952,-0.5735274753791311,-0.9884919771212606,1,0,0,1,0,0.38060973612157656,0,False,False
-0.4630512758216796,-0.6418528363076045,-1.363909007139952,-0.5735274753791311,-0.9884919771212606,1,0,1,0,1,1.5796404077184507,0,False,False
-0.4630512758216796,1.485930619523752,0.07109178222544127,-0.5735274753791311,-0.9884919771212606,1,0,0,0,1,1.5796404077184507,0,True,False
-0.4630512758216796,-1.475700433562341,1.5060925715908347,1.436584898136151,-0.9884919771212606,1,0,1,0,0,-0.8184209354752977,1,False,True
-0.48312439480584457,-0.6598172369665934,-1.363909007139952,-0.5735274753791311,0.2987914817343836,1,1,1,0,0,-0.8184209354752977,0,True,False
-0.48312439480584457,-0.959223914616409,1.5060925715908347,1.436584898136151,0.2987914817343836,1,0,0,0,0,-0.8184209354752977,0,False,False
-0.5031975137900095,0.09867967974627287,2.2235929662735314,1.436584898136151,0.2987914817343836,1,0,0,0,0,-0.8184209354752977,0,True,False
-0.5031975137900095,-0.959223914616409,-1.363909007139952,1.436584898136151,-0.9884919771212606,1,0,1,0,0,1.5796404077184507,0,True,False
-0.5031975137900095,1.0228482914253705,0.07109178222544127,-0.5735274753791311,0.2987914817343836,1,0,0,0,1,-0.8184209354752977,0,False,False
-0.5031975137900095,-0.5101138981416856,-1.363909007139952,-0.5735274753791311,-0.9884919771212606,1,0,0,0,0,-0.8184209354752977,0,True,False
-0.5031975137900095,-0.6248864579074482,-1.363909007139952,-0.5735274753791311,-0.9884919771212606,1,0,0,0,0,-0.8184209354752977,0,True,False
-0.5031975137900095,-1.5405718803864676,0.07109178222544127,-0.5735274753791311,0.2987914817343836,1,0,1,0,0,-0.8184209354752977,1,True,False
-0.5031975137900095,-1.460231088550434,-1.363909007139952,-0.5735274753791311,0.2987914817343836,1,1,0,0,0,-0.8184209354752977,1,True,False
-0.5112267613836756,-0.874392022615628,0.07109178222544127,-0.5735274753791311,0.2987914817343836,1,0,0,0,0,-0.8184209354752977,0,False,True
-0.5232706327741745,-0.9741942484988998,-1.363909007139952,1.436584898136151,-0.9884919771212606,0,0,1,0,0,-0.8184209354752977,0,True,False
-0.5433437517583396,-0.14084566237357962,0.07109178222544127,-0.5735274753791311,0.2987914817343836,1,0,0,0,0,-0.8184209354752977,0,True,False
-0.5433437517583396,-0.8394612435564828,-1.363909007139952,-0.5735274753791311,0.2987914817343836,1,0,0,1,0,0.38060973612157656,0,True,False
-0.5433437517583396,-0.749639240261538,-1.363909007139952,-0.5735274753791311,-0.9884919771212606,1,0,0,0,0,-0.8184209354752977,0,True,False
-0.5433437517583396,0.36315557833694334,-1.363909007139952,-0.5735274753791311,-0.9884919771212606,1,0,0,0,0,1.5796404077184507,0,False,True
-0.5433437517583396,-1.1209035205473095,0.07109178222544127,-0.5735274753791311,1.5860749405900276,1,0,0,0,0,-0.8184209354752977,1,False,False
-0.5433437517583396,1.645614180936987,-1.363909007139952,-0.5735274753791311,-0.9884919771212606,1,0,0,0,0,0.38060973612157656,0,False,False
-0.5473583755551725,1.5707625115245332,0.07109178222544127,-0.5735274753791311,-0.9884919771212606,1,0,0,0,0,1.5796404077184507,0,False,False
-0.5473583755551725,-1.2885712600312063,2.2235929662735314,1.436584898136151,-0.9884919771212606,0,0,1,0,1,0.38060973612157656,0,False,False
-0.5473583755551725,0.9120678206949386,1.5060925715908347,-0.5735274753791311,0.2987914817343836,0,0,0,0,0,0.38060973612157656,0,False,False
-0.5634168707425046,-0.8095205757915013,-1.363909007139952,-0.5735274753791311,-0.9884919771212606,1,0,0,0,0,-0.8184209354752977,1,True,False
-0.5834899897266695,-0.749639240261538,0.07109178222544127,-0.5735274753791311,-0.9884919771212606,1,0,0,0,0,0.38060973612157656,0,False,True
-0.5834899897266695,-0.5300743433183399,-1.363909007139952,-0.5735274753791311,-0.9884919771212606,1,0,0,0,0,-0.8184209354752977,0,True,False
-0.5834899897266695,0.45796769292605166,0.07109178222544127,-0.5735274753791311,-0.9884919771212606,1,0,0,0,0,-0.8184209354752977,0,True,False
-0.5834899897266695,-0.5250842320241764,-1.363909007139952,-0.5735274753791311,-0.9884919771212606,1,0,0,0,0,-0.8184209354752977,0,False,False
-0.5834899897266695,-0.7576234183321998,-1.363909007139952,-0.5735274753791311,-0.9884919771212606,1,0,0,1,0,-0.8184209354752977,0,True,False
-0.5875046135235026,-0.9891645823813906,0.07109178222544127,-0.5735274753791311,0.2987914817343836,0,0,1,1,0,-0.8184209354752977,0,True,False
-0.5875046135235026,0.17353134915872678,-1.363909007139952,-0.5735274753791311,-0.9884919771212606,1,0,0,0,0,-0.8184209354752977,0,False,False
-0.6035631087108345,-0.7346689063790474,-1.363909007139952,-0.5735274753791311,-0.9884919771212606,1,0,1,0,0,-0.8184209354752977,0,False,False
-0.6035631087108345,-0.7346689063790474,-1.363909007139952,-0.5735274753791311,-0.9884919771212606,1,0,0,0,1,-0.8184209354752977,0,False,True
-0.6035631087108345,0.2683434637478351,-1.363909007139952,-0.5735274753791311,-0.9884919771212606,0,0,0,0,0,-0.8184209354752977,0,True,False
-0.6035631087108345,-0.749639240261538,-1.363909007139952,-0.5735274753791311,-0.9884919771212606,1,0,0,0,0,-0.8184209354752977,0,False,False
-0.6236362276949996,-0.4103116722584137,-1.363909007139952,-0.5735274753791311,-0.9884919771212606,1,0,0,0,1,1.5796404077184507,0,True,False
-0.6236362276949996,-0.7646095741440289,0.07109178222544127,-0.5735274753791311,0.2987914817343836,1,0,1,0,0,-0.8184209354752977,0,True,False
-0.6236362276949996,-0.959223914616409,0.07109178222544127,-0.5735274753791311,0.2987914817343836,0,0,1,0,0,-0.8184209354752977,0,True,False
-0.6236362276949996,-1.0490459179113538,-1.363909007139952,-0.5735274753791311,0.2987914817343836,1,0,0,0,1,-0.8184209354752977,0,False,False
-0.6236362276949996,-0.7895601306148469,-1.363909007139952,1.436584898136151,-0.9884919771212606,1,0,1,0,0,-0.8184209354752977,0,True,False
-0.6236362276949996,0.42802702516107005,0.07109178222544127,-0.5735274753791311,0.2987914817343836,1,1,1,0,0,-0.8184209354752977,0,False,True
-0.6236362276949996,-0.4851633416708676,0.07109178222544127,1.436584898136151,0.2987914817343836,1,0,0,0,0,1.5796404077184507,0,True,False
-0.6236362276949996,-1.1238975873238077,0.07109178222544127,1.436584898136151,0.2987914817343836,0,0,1,0,0,-0.8184209354752977,1,False,True
-0.6236362276949996,-1.4108289867382142,0.07109178222544127,-0.5735274753791311,1.5860749405900276,1,0,0,1,1,-0.8184209354752977,1,True,False
-0.6276508514918325,-0.7895601306148469,0.07109178222544127,-0.5735274753791311,-0.9884919771212606,1,0,0,0,0,1.5796404077184507,1,False,True
-0.6437093466791646,-0.3005292237868146,-1.363909007139952,-0.5735274753791311,-0.9884919771212606,1,0,0,0,0,-0.8184209354752977,0,True,False
-0.6437093466791646,-0.5500347884949943,-1.363909007139952,-0.5735274753791311,-0.9884919771212606,1,0,0,0,0,-0.8184209354752977,1,True,False
-0.6637824656633295,-0.9741942484988998,0.07109178222544127,-0.5735274753791311,0.2987914817343836,1,0,1,0,0,-0.8184209354752977,0,False,False
-0.6637824656633295,-0.3005292237868146,1.5060925715908347,1.436584898136151,0.2987914817343836,1,0,1,0,0,1.5796404077184507,0,False,False
-0.6637824656633295,-0.3005292237868146,-1.363909007139952,-0.5735274753791311,-0.9884919771212606,0,0,0,0,0,-0.8184209354752977,0,False,False
-0.6637824656633295,-0.7296787950848838,-1.363909007139952,-0.5735274753791311,-0.9884919771212606,1,0,0,0,0,-0.8184209354752977,0,False,True
-0.6838555846474945,-0.6248864579074482,0.07109178222544127,-0.5735274753791311,-0.9884919771212606,1,0,0,0,0,1.5796404077184507,0,False,True
-0.7039287036316596,-0.4302721174350681,0.07109178222544127,-0.5735274753791311,0.2987914817343836,1,0,0,0,1,-0.8184209354752977,0,True,False
-0.7039287036316596,-0.7246886837907202,0.07109178222544127,-0.5735274753791311,0.2987914817343836,1,0,0,0,0,-0.8184209354752977,0,False,True
-0.7039287036316596,-0.2506281108451787,1.5060925715908347,-0.5735274753791311,0.2987914817343836,1,0,0,0,0,-0.8184209354752977,0,True,False
-0.7039287036316596,-1.4806905448565046,0.07109178222544127,1.436584898136151,0.2987914817343836,0,0,0,0,0,-0.8184209354752977,0,False,True
-0.7039287036316596,-1.0310815172523649,0.07109178222544127,-0.5735274753791311,0.2987914817343836,1,0,1,0,0,-0.8184209354752977,0,True,False
-0.7039287036316596,-0.5550248997891579,0.07109178222544127,-0.5735274753791311,0.2987914817343836,1,0,0,0,0,-0.8184209354752977,0,True,False
-0.7039287036316596,1.1585793186266202,0.07109178222544127,-0.5735274753791311,-0.9884919771212606,0,0,0,0,0,-0.8184209354752977,0,False,True
-0.7039287036316596,-0.8095205757915013,0.07109178222544127,-0.5735274753791311,-0.9884919771212606,0,0,0,0,1,-0.8184209354752977,0,False,True
-0.7039287036316596,-0.749639240261538,2.2235929662735314,-0.5735274753791311,0.2987914817343836,1,0,0,0,0,0.38060973612157656,0,False,True
-0.7039287036316596,-0.7296787950848838,-1.363909007139952,-0.5735274753791311,-0.9884919771212606,1,0,0,0,0,0.38060973612157656,0,True,False
-0.7039287036316596,0.3980863573960885,-1.363909007139952,-0.5735274753791311,-0.9884919771212606,1,0,0,0,0,0.38060973612157656,0,False,False
-0.7039287036316596,-0.9891645823813906,0.07109178222544127,-0.5735274753791311,0.2987914817343836,1,0,0,0,0,0.38060973612157656,0,False,True
-0.7039287036316596,1.1216524950498097,-1.363909007139952,-0.5735274753791311,-0.9884919771212606,1,0,0,0,0,0.38060973612157656,0,True,False
-0.7039287036316596,-0.7935522196501777,-1.363909007139952,-0.5735274753791311,-0.9884919771212606,1,0,0,0,0,0.38060973612157656,1,False,True
-0.7039287036316596,2.1945264232949824,0.07109178222544127,-0.5735274753791311,0.2987914817343836,1,0,0,0,0,2.179155743516888,1,False,True
-0.7039287036316596,0.3881061348077613,-1.363909007139952,-0.5735274753791311,-0.9884919771212606,1,0,0,0,0,-0.8184209354752977,0,False,True
-0.7039287036316596,2.6935375527113417,0.07109178222544127,-0.5735274753791311,-0.9884919771212606,1,0,0,0,0,-0.8184209354752977,0,False,True
-0.7079433274284925,-0.10092477202027088,0.07109178222544127,-0.5735274753791311,0.2987914817343836,0,0,0,0,0,-0.8184209354752977,0,False,True
-0.7240018226158246,-1.0191052501463722,0.07109178222544127,-0.5735274753791311,-0.9884919771212606,1,0,0,0,0,-0.8184209354752977,0,False,True
-0.7240018226158246,0.10865990233460006,-1.363909007139952,-0.5735274753791311,-0.9884919771212606,1,0,0,0,0,0.38060973612157656,1,False,True
-0.7240018226158246,-1.475700433562341,0.07109178222544127,-0.5735274753791311,1.5860749405900276,1,0,0,0,0,-0.8184209354752977,1,False,False
-0.7440749415999895,-0.5500347884949943,-1.363909007139952,-0.5735274753791311,-0.9884919771212606,1,0,0,0,0,-0.8184209354752977,0,False,True
-0.7440749415999895,-0.9567288589693272,-1.363909007139952,-0.5735274753791311,-0.9884919771212606,1,0,0,0,0,1.5796404077184507,0,False,True
-0.7440749415999895,-0.6248864579074482,0.07109178222544127,-0.5735274753791311,-0.9884919771212606,1,0,0,0,0,-0.8184209354752977,0,False,True
-0.7440749415999895,-1.475700433562341,0.07109178222544127,-0.5735274753791311,1.5860749405900276,1,0,0,0,0,-0.8184209354752977,1,False,False
-0.7440749415999895,-1.243660258383734,0.07109178222544127,-0.5735274753791311,0.2987914817343836,1,0,1,0,0,-0.8184209354752977,1,False,True
-0.7440749415999895,-1.573007603798531,0.07109178222544127,1.436584898136151,0.2987914817343836,1,0,1,0,0,-0.8184209354752977,1,False,True
-0.7480895653968226,-0.5300743433183399,-1.363909007139952,-0.5735274753791311,-0.9884919771212606,1,0,0,0,0,-0.8184209354752977,0,False,True
-0.7641480605841545,-0.15831105190315223,0.07109178222544127,-0.5735274753791311,0.2987914817343836,1,1,1,0,1,0.38060973612157656,0,False,False
-0.7641480605841545,-0.824490909673992,0.07109178222544127,-0.5735274753791311,-0.9884919771212606,1,0,1,0,0,1.5796404077184507,0,False,True
-0.7641480605841545,-0.7296787950848838,-1.363909007139952,-0.5735274753791311,-0.9884919771212606,1,0,0,0,0,-0.8184209354752977,0,False,False
-0.7842211795683196,-0.7995403532031741,1.5060925715908347,-0.5735274753791311,0.2987914817343836,1,0,0,0,1,1.5796404077184507,0,False,True
-0.7842211795683196,-0.07098410425528932,1.5060925715908347,-0.5735274753791311,1.5860749405900276,0,0,0,0,0,-0.8184209354752977,0,True,False
-0.7842211795683196,-0.4901534529650312,-1.363909007139952,-0.5735274753791311,0.2987914817343836,1,0,0,0,0,-0.8184209354752977,0,False,True
-0.7842211795683196,-0.1757764414327248,-1.363909007139952,-0.5735274753791311,-0.9884919771212606,1,0,0,0,0,-0.8184209354752977,0,False,True
-0.7842211795683196,-0.689757904731575,-1.363909007139952,-0.5735274753791311,-0.9884919771212606,0,0,0,0,1,-0.8184209354752977,0,False,True
-0.7842211795683196,-0.6747875708490841,0.07109178222544127,-0.5735274753791311,-0.9884919771212606,1,0,0,0,0,-0.8184209354752977,0,False,True
-0.7842211795683196,-0.9991448049697178,0.07109178222544127,-0.5735274753791311,0.2987914817343836,0,0,1,0,0,-0.8184209354752977,0,True,False
-0.7842211795683196,-0.9567288589693272,-1.363909007139952,-0.5735274753791311,-0.9884919771212606,1,0,1,0,0,1.5796404077184507,0,False,False
-0.7882358033651525,-1.1987492567362616,0.07109178222544127,-0.5735274753791311,-0.9884919771212606,0,0,0,0,0,-0.8184209354752977,0,False,False
-0.8002796747556515,-1.475700433562341,0.07109178222544127,-0.5735274753791311,0.2987914817343836,1,0,1,0,0,-0.8184209354752977,1,False,False
-0.8042942985524846,-0.5300743433183399,-1.363909007139952,-0.5735274753791311,-0.9884919771212606,1,0,0,0,0,0.38060973612157656,0,False,True
-0.8042942985524846,-0.1633011631973158,1.5060925715908347,-0.5735274753791311,0.2987914817343836,1,0,0,0,0,-0.8184209354752977,0,False,True
-0.8243674175366495,-1.2985514826195335,-1.363909007139952,-0.5735274753791311,-0.9884919771212606,0,0,0,0,1,-0.8184209354752977,0,False,True
-0.8243674175366495,-0.959223914616409,1.5060925715908347,-0.5735274753791311,0.2987914817343836,1,0,1,0,1,-0.8184209354752977,0,False,True
-0.8243674175366495,0.477928138102706,0.07109178222544127,-0.5735274753791311,-0.9884919771212606,1,1,1,0,0,-0.8184209354752977,0,False,False
-0.8243674175366495,-0.8095205757915013,1.5060925715908347,-0.5735274753791311,0.2987914817343836,0,0,0,0,0,0.38060973612157656,0,True,False
-0.8243674175366495,-0.6538291034135971,1.5060925715908347,-0.5735274753791311,0.2987914817343836,1,0,0,0,0,-0.8184209354752977,0,True,False
-0.8243674175366495,-0.5300743433183399,-1.363909007139952,-0.5735274753791311,-0.9884919771212606,1,0,0,0,0,-0.8184209354752977,0,False,True
-0.8243674175366495,-1.475700433562341,0.07109178222544127,-0.5735274753791311,0.2987914817343836,1,0,1,0,0,-0.8184209354752977,1,False,False
-0.8243674175366495,0.3881061348077613,0.07109178222544127,-0.5735274753791311,-0.9884919771212606,1,0,0,0,0,0.38060973612157656,0,False,True
-0.8444405365208145,-0.3005292237868146,-1.363909007139952,-0.5735274753791311,-0.9884919771212606,0,0,0,0,0,-0.8184209354752977,0,True,False
-0.8444405365208145,-0.5849655675541395,-1.363909007139952,-0.5735274753791311,-0.9884919771212606,0,0,0,0,0,-0.8184209354752977,0,False,True
-0.8564844079113135,-0.7296787950848838,1.5060925715908347,-0.5735274753791311,0.2987914817343836,1,0,1,0,0,-0.8184209354752977,0,False,True
-0.8645136555049796,-0.36540067061094134,0.07109178222544127,-0.5735274753791311,0.2987914817343836,1,0,0,0,0,-0.8184209354752977,0,False,True
-0.8645136555049796,-1.2067334348069232,-1.363909007139952,-0.5735274753791311,-0.9884919771212606,1,0,0,0,1,0.38060973612157656,0,False,True
-0.8645136555049796,-0.39035122708175934,0.07109178222544127,-0.5735274753791311,-0.9884919771212606,0,0,0,0,0,0.38060973612157656,0,False,True
-0.8645136555049796,-0.9891645823813906,0.07109178222544127,-0.5735274753791311,0.2987914817343836,0,0,0,0,0,-0.8184209354752977,0,False,False
-0.9046598934733096,-0.824490909673992,-2.7989097965053453,-0.5735274753791311,-0.9884919771212606,1,0,0,0,0,-0.8184209354752977,0,False,False
-0.9046598934733096,-0.5570209443068234,-1.363909007139952,1.436584898136151,-0.9884919771212606,0,1,1,0,0,0.38060973612157656,0,False,True
-0.9046598934733096,-0.7995403532031741,-1.363909007139952,-0.5735274753791311,-0.9884919771212606,0,0,1,0,0,-0.8184209354752977,0,True,False
-0.9046598934733096,-0.5026287312004402,-1.363909007139952,-0.5735274753791311,-0.9884919771212606,1,0,0,0,0,1.5796404077184507,0,True,False
-0.9046598934733096,-1.7227109426234388,0.07109178222544127,-0.5735274753791311,0.2987914817343836,0,0,1,0,0,-0.8184209354752977,0,False,True
-0.9046598934733096,-0.824490909673992,0.07109178222544127,-0.5735274753791311,0.2987914817343836,1,0,1,0,0,-0.8184209354752977,0,True,False
-0.9046598934733096,0.822245817399994,-1.363909007139952,-0.5735274753791311,-0.9884919771212606,1,0,0,0,0,-0.8184209354752977,0,True,False
-0.9046598934733096,1.9450208585868025,0.07109178222544127,-0.5735274753791311,0.2987914817343836,1,0,0,0,0,1.5796404077184507,0,True,False
-0.9046598934733096,-1.014614149981625,-1.363909007139952,-0.5735274753791311,-0.9884919771212606,1,0,0,0,0,0.38060973612157656,0,False,True
-0.9086745172701426,-0.3005292237868146,0.07109178222544127,-0.5735274753791311,0.2987914817343836,1,0,0,0,1,-0.8184209354752977,0,False,True
-0.9167037648638086,0.19598684998246296,0.07109178222544127,-0.5735274753791311,-0.9884919771212606,1,0,1,0,0,-0.8184209354752977,0,False,True
-0.9225249693692164,-1.349450617820002,0.07109178222544127,-0.5735274753791311,-0.9884919771212606,1,0,0,0,0,-0.8184209354752977,1,True,False
-0.9247330124574745,-1.0490459179113538,0.07109178222544127,-0.5735274753791311,-0.9884919771212606,0,0,0,0,1,-0.8184209354752977,0,False,True
-0.9247330124574745,-0.6248864579074482,0.07109178222544127,-0.5735274753791311,0.2987914817343836,1,0,0,0,0,-0.8184209354752977,0,False,True
-0.9247330124574745,-0.7995403532031741,-1.363909007139952,-0.5735274753791311,-0.9884919771212606,1,0,0,0,0,-0.8184209354752977,0,False,True
-0.9407915076448066,1.4959108421120793,-1.363909007139952,-0.5735274753791311,-0.9884919771212606,1,0,0,0,0,0.38060973612157656,0,False,True
-0.9448061314416396,-0.07098410425528932,-1.363909007139952,-0.5735274753791311,-0.9884919771212606,1,0,1,0,1,-0.8184209354752977,0,False,True
-0.9448061314416396,-1.4682152666210957,0.07109178222544127,-0.5735274753791311,0.2987914817343836,0,0,1,0,0,-0.8184209354752977,0,True,False
-0.9448061314416396,-1.0041349162638813,-1.363909007139952,-0.5735274753791311,-0.9884919771212606,1,1,1,0,0,-0.8184209354752977,0,False,True
-0.9448061314416396,-0.3005292237868146,-1.363909007139952,-0.5735274753791311,0.2987914817343836,1,0,0,1,0,0.38060973612157656,0,True,False
-0.9648792504258046,-0.6498370143782662,-1.363909007139952,-0.5735274753791311,-0.9884919771212606,1,0,0,0,0,-0.8184209354752977,0,False,True
-0.9849523694099696,-1.0041349162638813,0.07109178222544127,-0.5735274753791311,0.2987914817343836,0,0,0,0,0,-0.8184209354752977,0,True,False
-0.9849523694099696,-0.9292832468514275,0.07109178222544127,-0.5735274753791311,0.2987914817343836,1,0,0,0,0,1.5796404077184507,0,True,False
-0.9849523694099696,-1.131382754265053,-1.363909007139952,-0.5735274753791311,-0.9884919771212606,1,0,0,0,0,-0.8184209354752977,0,True,False
-0.9849523694099696,-0.2506281108451787,-1.363909007139952,-0.5735274753791311,-0.9884919771212606,1,0,0,0,0,-0.8184209354752977,0,False,False
-0.9849523694099696,-0.013098813242991631,0.07109178222544127,-0.5735274753791311,-0.9884919771212606,0,0,0,0,0,-0.8184209354752977,0,False,True
-0.9849523694099696,-0.6747875708490841,0.07109178222544127,-0.5735274753791311,0.2987914817343836,1,0,0,0,0,-0.8184209354752977,0,False,True
-0.9849523694099696,-0.7346689063790474,1.5060925715908347,-0.5735274753791311,0.2987914817343836,1,0,0,0,0,2.179155743516888,0,True,False
-0.9889669932068026,1.4709602856412611,-1.363909007139952,-0.5735274753791311,-0.9884919771212606,1,0,0,0,0,-0.8184209354752977,0,False,True
-1.0050254883941345,-0.3743828709404358,1.5060925715908347,-0.5735274753791311,0.2987914817343836,0,0,0,0,0,0.38060973612157656,0,False,True
-1.0130547359878006,-1.0490459179113538,-1.363909007139952,-0.5735274753791311,0.2987914817343836,1,0,0,0,0,-0.8184209354752977,0,True,False
-1.0250986073782995,0.37313580092527054,0.07109178222544127,-0.5735274753791311,0.2987914817343836,1,0,1,0,0,0.38060973612157656,0,False,True
-1.0250986073782995,-0.07098410425528932,-1.363909007139952,-0.5735274753791311,-0.9884919771212606,1,0,0,0,0,-0.8184209354752977,0,False,True
-1.0250986073782995,-0.749639240261538,0.07109178222544127,-0.5735274753791311,0.2987914817343836,0,0,0,0,0,0.38060973612157656,0,False,True
-1.0250986073782995,-0.7196985724965566,1.5060925715908347,-0.5735274753791311,0.2987914817343836,0,0,0,0,0,-0.8184209354752977,0,False,True
-1.0250986073782995,-0.8095205757915013,0.07109178222544127,-0.5735274753791311,0.2987914817343836,0,0,0,0,0,0.38060973612157656,0,True,False
-1.0250986073782995,-1.1987492567362616,-1.363909007139952,-0.5735274753791311,-0.9884919771212606,0,0,0,0,0,-0.8184209354752977,0,False,False
-1.0250986073782995,-0.9741942484988998,0.07109178222544127,-0.5735274753791311,0.2987914817343836,0,0,0,0,0,-0.8184209354752977,0,False,True
-1.0250986073782995,0.7548793149287855,0.07109178222544127,-0.5735274753791311,0.2987914817343836,1,0,0,0,0,-0.8184209354752977,0,True,False
-1.0652448453466294,-1.0290854727346994,-1.363909007139952,-0.5735274753791311,-0.9884919771212606,0,0,0,0,0,-0.8184209354752977,0,False,True
-1.0652448453466294,-0.7346689063790474,-1.363909007139952,-0.5735274753791311,-0.9884919771212606,1,0,0,0,0,-0.8184209354752977,0,False,True
-1.0652448453466294,0.44798747033772446,-1.363909007139952,-0.5735274753791311,-0.9884919771212606,1,0,0,0,0,-0.8184209354752977,0,True,False
-1.0652448453466294,0.1485807926879088,1.5060925715908347,-0.5735274753791311,0.2987914817343836,1,0,0,0,0,-0.8184209354752977,0,False,True
-1.075281404838712,0.048778566804636936,1.5060925715908347,-0.5735274753791311,1.5860749405900276,1,0,0,0,0,-0.8184209354752977,0,False,True
-1.0853179643307946,-0.8993425790864459,0.07109178222544127,-0.5735274753791311,0.2987914817343836,0,0,0,0,0,0.38060973612157656,0,True,False
-1.0853179643307946,-0.37538089319926854,0.07109178222544127,-0.5735274753791311,0.2987914817343836,0,0,0,1,0,0.38060973612157656,0,False,True
-1.0853179643307946,-1.228689924501243,-1.363909007139952,-0.5735274753791311,-0.9884919771212606,0,0,0,0,0,0.38060973612157656,0,False,False
-1.1053910833149596,-1.2236998132070795,0.07109178222544127,-0.5735274753791311,0.2987914817343836,1,0,1,0,0,0.38060973612157656,0,False,True
-1.1053910833149596,-0.5699952336716487,0.07109178222544127,-0.5735274753791311,-0.9884919771212606,1,0,0,0,0,-0.8184209354752977,0,False,False
-1.1455373212832896,0.8471963738708119,-1.363909007139952,-0.5735274753791311,-0.9884919771212606,1,0,0,0,0,-0.8184209354752977,0,False,True
-1.1455373212832896,-0.5500347884949943,0.07109178222544127,-0.5735274753791311,0.2987914817343836,1,0,0,0,0,0.38060973612157656,0,False,True
-1.1656104402674545,-0.5500347884949943,-1.363909007139952,-0.5735274753791311,-0.9884919771212606,1,0,0,0,0,-0.8184209354752977,0,False,True
-1.1856835592516195,-0.5829695230364741,-1.363909007139952,-0.5735274753791311,-0.9884919771212606,1,0,0,0,0,-0.8184209354752977,0,False,True
-1.1856835592516195,-1.548057047327713,-1.363909007139952,-0.5735274753791311,0.2987914817343836,1,0,0,0,0,-0.8184209354752977,0,True,False
-1.1856835592516195,-0.7346689063790474,0.07109178222544127,3.4466972716514332,0.2987914817343836,0,1,0,0,0,-0.8184209354752977,0,False,True
-1.1856835592516195,-1.1488481437946256,0.07109178222544127,-0.5735274753791311,-0.9884919771212606,1,0,0,0,0,-0.8184209354752977,0,False,True
-1.1856835592516195,-1.3334822616786786,0.07109178222544127,-0.5735274753791311,-0.9884919771212606,0,0,0,0,0,-0.8184209354752977,0,False,True
-1.1856835592516195,-0.8095205757915013,-1.363909007139952,-0.5735274753791311,-0.9884919771212606,1,0,0,0,0,0.38060973612157656,0,True,False
-1.1856835592516195,-0.5500347884949943,0.07109178222544127,-0.5735274753791311,-0.9884919771212606,1,0,0,0,0,-0.8184209354752977,0,True,False
-1.1896981830484525,-0.9567288589693272,-1.363909007139952,-0.5735274753791311,-0.9884919771212606,1,0,0,0,1,-0.8184209354752977,0,False,True
-1.1896981830484525,-0.5500347884949943,0.07109178222544127,-0.5735274753791311,0.2987914817343836,1,0,0,0,1,-0.8184209354752977,0,False,True
-1.2178005496262836,-1.0939569195588261,-1.363909007139952,-0.5735274753791311,-0.9884919771212606,0,0,0,0,0,-0.8184209354752977,0,False,True
-1.2258297972199494,-0.749639240261538,-1.363909007139952,-0.5735274753791311,-0.9884919771212606,1,0,0,0,0,-0.8184209354752977,0,False,True
-1.2258297972199494,-0.3504303367284506,-1.363909007139952,-0.5735274753791311,-0.9884919771212606,1,0,0,0,0,-0.8184209354752977,0,False,True
-1.2258297972199494,-0.749639240261538,-1.363909007139952,1.436584898136151,0.2987914817343836,1,0,1,0,0,0.38060973612157656,0,False,False
-1.2659760351882796,-1.1089272534413168,0.07109178222544127,-0.5735274753791311,-0.9884919771212606,0,0,0,0,0,-0.8184209354752977,0,False,True
-1.2659760351882796,-0.959223914616409,0.07109178222544127,-0.5735274753791311,-0.9884919771212606,0,0,0,0,0,-0.8184209354752977,0,False,True
-1.2659760351882796,-1.0490459179113538,-1.363909007139952,-0.5735274753791311,0.2987914817343836,1,0,0,0,0,-0.8184209354752977,0,False,False
-1.2860491541724446,-0.3504303367284506,0.07109178222544127,-0.5735274753791311,0.2987914817343836,1,0,0,0,0,-0.8184209354752977,0,False,True
-1.2860491541724446,-1.0490459179113538,0.07109178222544127,-0.5735274753791311,0.2987914817343836,0,0,0,0,0,-0.8184209354752977,0,True,False
-1.3061222731566096,-0.9442535807339183,0.07109178222544127,-0.5735274753791311,0.2987914817343836,1,0,1,0,0,-0.8184209354752977,0,False,True
-1.3061222731566096,-0.9292832468514275,-1.363909007139952,-0.5735274753791311,-0.9884919771212606,0,1,0,0,0,0.38060973612157656,0,False,True
-1.3061222731566096,-1.0490459179113538,-1.363909007139952,-0.5735274753791311,-0.9884919771212606,1,0,0,0,0,0.38060973612157656,0,False,True
-1.3061222731566096,-0.7995403532031741,-1.363909007139952,-0.5735274753791311,-0.9884919771212606,1,1,0,0,0,-0.8184209354752977,0,False,True
-1.3061222731566096,-0.13086543978525245,-1.363909007139952,-0.5735274753791311,0.2987914817343836,1,0,0,0,0,-0.8184209354752977,0,False,True
-1.3061222731566096,1.2963063903455354,-1.363909007139952,-0.5735274753791311,-0.9884919771212606,1,0,0,0,0,-0.8184209354752977,0,False,True
-1.3302100159376076,-0.7321738507319655,-1.363909007139952,-0.5735274753791311,-0.9884919771212606,0,0,0,0,0,-0.8184209354752977,0,False,True
-1.3462685111249395,-1.3110267608549424,0.07109178222544127,-0.5735274753791311,0.2987914817343836,1,0,0,0,0,-0.8184209354752977,0,False,False
-1.3462685111249395,-1.1553352884770383,1.5060925715908347,1.436584898136151,0.2987914817343836,1,0,0,0,0,-0.8184209354752977,0,False,False
-1.3462685111249395,-0.9173069797454348,-1.363909007139952,-0.5735274753791311,-0.9884919771212606,1,0,0,0,0,-0.8184209354752977,0,False,True
-1.3663416301091045,-0.7296787950848838,-1.363909007139952,-0.5735274753791311,-0.9884919771212606,1,0,0,0,0,-0.8184209354752977,0,False,True
-1.3864147490932694,-0.959223914616409,-1.363909007139952,-0.5735274753791311,-0.9884919771212606,1,0,0,0,0,-0.8184209354752977,0,False,True
-1.4064878680774346,-1.6298948725519962,-1.363909007139952,-0.5735274753791311,-0.9884919771212606,0,0,1,0,0,-0.8184209354752977,0,True,False
-1.4064878680774346,-0.5650051223774851,-2.7989097965053453,-0.5735274753791311,-0.9884919771212606,0,0,0,0,0,-0.8184209354752977,0,False,True
-1.4064878680774346,-0.5650051223774851,0.07109178222544127,-0.5735274753791311,0.2987914817343836,1,0,1,0,0,-0.8184209354752977,0,False,True
-1.4265609870615996,-1.573007603798531,0.07109178222544127,-0.5735274753791311,-0.9884919771212606,0,0,0,1,0,-0.8184209354752977,0,False,True
-1.4305756108584324,0.09867967974627287,0.07109178222544127,-0.5735274753791311,-0.9884919771212606,0,0,0,0,1,-0.8184209354752977,1,False,True
-1.4867803440140945,-1.0490459179113538,-1.363909007139952,-0.5735274753791311,-0.9884919771212606,0,0,0,0,0,-0.8184209354752977,0,False,True
-1.5068534629982595,-1.3484525955611693,0.07109178222544127,-0.5735274753791311,0.2987914817343836,1,0,0,0,0,-0.8184209354752977,0,False,True
-1.5068534629982595,-1.0490459179113538,1.5060925715908347,-0.5735274753791311,0.2987914817343836,1,0,0,0,0,-0.8184209354752977,0,False,True
-1.5068534629982595,-0.8694019113214644,-1.363909007139952,-0.5735274753791311,-0.9884919771212606,1,0,0,0,0,0.38060973612157656,0,False,True
-1.5871459389349196,-0.8394612435564828,2.2235929662735314,-0.5735274753791311,0.2987914817343836,0,0,0,0,0,-0.8184209354752977,0,False,True
-1.6272921769032496,-1.697760386152621,0.07109178222544127,-0.5735274753791311,0.2987914817343836,1,0,0,0,0,-0.8184209354752977,0,False,True
-1.6272921769032496,-0.7251876949201365,-1.363909007139952,-0.5735274753791311,-0.9884919771212606,1,0,0,0,0,-0.8184209354752977,0,False,True
-1.6473652958874145,-1.0540360292055173,-1.363909007139952,-0.5735274753791311,-0.9884919771212606,0,0,0,0,0,0.38060973612157656,0,False,True
-1.6674384148715795,-1.0490459179113538,-1.363909007139952,-0.5735274753791311,-0.9884919771212606,1,0,1,0,0,1.5796404077184507,0,False,True
-1.6977488245376686,-1.3484525955611693,0.07109178222544127,-0.5735274753791311,-0.9884919771212606,0,0,0,0,0,-0.8184209354752977,0,True,False
-1.7075846528399095,-0.7396590176732109,-1.363909007139952,-0.5735274753791311,-0.9884919771212606,1,0,0,0,0,-0.8184209354752977,0,False,True
-1.7075846528399095,-1.0939569195588261,0.07109178222544127,-0.5735274753791311,-0.9884919771212606,0,0,0,0,0,-0.8184209354752977,0,False,False
-1.7075846528399095,-0.6248864579074482,0.07109178222544127,-0.5735274753791311,0.2987914817343836,1,0,0,0,0,-0.8184209354752977,0,False,True
